MASV,HO,TEN,PHAI,SODT
23CT22,nghiem,nguyen,nam,0812469488
N23dcat,nghiem,nguyen,nam,0812469488
n23dsa,nghiem,nguyen,nam,0986534
SDFSD,NFIE,NGUYEN,NAM,08125678
nhut,nghiem,nguyen,nam,08124567
dfgfd,dfgd,dfgfd,dfg,ddgf
sdfsfd,sdf,fsdfds,sdfsd,sdffsd
sdf,sdfds,fsdfds,sdfsd,sdffsd
sdfsd,sdf,fsdf,sdf,sdf
zxczx,czxc,zcxc,czxczx,zcxczx
dsfsd,sdfsd,sdfds,fsdfds,sdfsdsdf
sdfds,sdfsd,fsdfds,sfdfds,fsdfsd
dsfds,sdfds,fsdfds,fsdfds,sdffsd
dfsdf,fsdfds,sdffsd,sdffsd,fsdfds
hffdf,dfgdf,dgfgd,dgfgdf,dfgdfg
dsfsd,sfdfsd,sfdfsd,sdfsd,sfdfsd
sdffd,sfdfsd,sfdfsd,sdfsd,sfdds
sdfds,sdfsd,fsdfds,fsdfds,dsfsdd
sdfsd,dsfds,fsdfds,dsfsd,fsdfds
xcvcx,xcvxc,vxcvcx,vxcvcx,xvcvcx
sfdfds,sdffds,sfdfsd,sfdfds,sfdfds
dsadsa,dasdsa,dasdsa,dsadsa,dasdsaas
sadsa,dasdsa,dsadsa,assad,dsadsa
zxcxz,zxczx,zxczx,xzczx,zxczxc
cvxvcxd,vxcvxc,vxcvcx,vxcvxcv,vvxcvxc
dsfsd,fsdfds,fsdfds,fsdfd,sdfsdf
asdas,asdsa,dasdsa,dasdsa,asdsad
dsfsd,sdfsd,sdfsd,sdfsd,dsfsd
CXVV,XCVXC,VXCCVX,XCVXC,VXCVCX
XCVC,VXCXCV,XVCV,XVCVXC,XVCVXC
DSFDS,SDFSD,FSDFDS,FSDFDS,FSDFDS
VXCV,XVCVCX,XVCVCX,XVCVXC,XVVCXX
EEEE,EEEE,EEEE,EEE,EEEE
CVVFGXCXC,XVCCXV,VXCXCVXCV,XVCXCV,XVCXCV
22ct2,ASDF,FADS,ASDF,ASDF
asdf,asdf,asdf,asdf,asdf
asdf,asdf,asdf,asdf,asdf
asdf,adsf,asdf,asdf,asdfasdf
asdf,asdf,asdf,asdf,asdf
afsd,adfa,asdf,asdf,asdf
aefr,asdf,asdf,asdf,asdf
dsfs,fsdfds,fsdfds,fsddfs,sfdfsdf
sdfds,fsdfsd,fsdfds,sfdfds,sdffdsdsf
gfgdf,fdgfd,dfggfd,dfgdf,gdfgfd
cxccxz,zxczx,zxczx,zxcczx,xzczxcxz
dfsdfsd,fsdfd,fdsfsd,fsdfsd,sdfsdfsd
zxcxz,czxczx,czxcxz,czxczxc,zcxczx
sdfsd,sfdfds,fsdfsd,fsdfds,fsdffds
dsfsd,fsdfsd,fsdfsd,fsdfsd,fsdfsd
dsfsdfsd,fsdfds,fsdfsd,fsdfds,fsdfds
fdgggd,fsdfsd,dsffsd,fsdfsd,sfdfsdf
gdfgfd,gdfgdf,dgfgdf,gdfgdf,gdfgfgdf
dsfsdf,fsdfsd,fsdfsd,fsdfsd,fsdfsdfds
N23DCTA,nghiem,nguyen,nam,0812469488